-- ===========================================
-- Mount & Blade II: Bannerlord Database
-- ===========================================

-- Cultures Table (if needed)
-- CREATE TABLE IF NOT EXISTS Cultures (
--   culture_id INTEGER PRIMARY KEY,
--   name VARCHAR(50) NOT NULL
-- );

INSERT INTO Cultures (culture_id, name) VALUES
  (1, 'Aserai'),
  (2, 'Battania'),
  (3, 'Empire'),
  (4, 'Khuzait'),
  (5, 'Sturgia'),
  (6, 'Vlandia');

-- Troops Table
INSERT INTO Troops (troop_id, name, tier, wage, is_mounted, culture_id) VALUES
  (1, 'Aserai Recruit', 1, 2, 0, 1),
  (2, 'Aserai Tribesman', 2, 3, 0, 1),
  (3, 'Aserai Footman', 3, 5, 0, 1),
  (4, 'Aserai Infantry', 4, 8, 0, 1),
  (5, 'Aserai Veteran Infantry', 5, 12, 0, 1),
  (6, 'Aserai Skirmisher', 2, 3, 0, 1),
  (7, 'Aserai Veteran Skirmisher', 5, 12, 0, 1),
  (8, 'Aserai Master Skirmisher', 5, 12, 0, 1),
  (9, 'Aserai Mameluke Soldier', 2, 3, 0, 1),
  (10, 'Aserai Mameluke Axeman', 3, 5, 0, 1),
  (11, 'Aserai Mameluke Cavalry', 4, 8, 1, 1),
  (12, 'Aserai Mameluke Heavy Cavalry', 5, 12, 1, 1),
  (13, 'Aserai Mameluke Regular', 3, 5, 0, 1),
  (14, 'Aserai Light Archer', 3, 5, 0, 1),
  (15, 'Aserai Archer', 4, 7, 0, 1),
  (16, 'Aserai Master Archer', 5, 12, 0, 1),
  (17, 'Aserai Youth', 2, 3, 0, 1),
  (18, 'Aserai Tribal Horseman', 3, 5, 1, 1),
  (19, 'Aserai Faris', 4, 8, 1, 1),
  (20, 'Aserai Veteran Faris', 5, 12, 1, 1),
  (21, 'Aserai Vanguard Faris', 6, 17, 1, 1),
  (22, 'Battanian Recruit', 1, 2, 0, 2),
  (23, 'Battanian Clanwarrior', 3, 5, 0, 2),
  (24, 'Battanian Trained Warrior', 3, 5, 0, 2),
  (25, 'Battanian Picked Warrior', 4, 8, 0, 2),
  (26, 'Battanian Veteran Warrior', 5, 12, 0, 2),
  (27, 'Battanian Wood Runner', 2, 3, 0, 2),
  (28, 'Battanian Raider', 3, 5, 0, 2),
  (29, 'Battanian Scout', 4, 8, 0, 2),
  (30, 'Battanian Veteran Scout', 5, 12, 0, 2),
  (31, 'Battanian Woodrunner', 2, 3, 0, 2),
  (32, 'Battanian Skirmisher', 3, 5, 0, 2),
  (33, 'Battanian Veteran Skirmisher', 4, 8, 0, 2),
  (34, 'Battanian Oathsworn', 5, 12, 0, 2),
  (35, 'Battanian Hero', 4, 8, 0, 2),
  (36, 'Battanian Highborn Youth', 2, 3, 0, 2),
  (37, 'Battanian Highborn Warrior', 3, 5, 0, 2),
  (38, 'Battanian Fian', 5, 12, 0, 2),
  (39, 'Battanian Fian Champion', 6, 17, 0, 2),
  (40, 'Imperial Recruit', 1, 2, 1, 3),
  (41, 'Imperial Infantryman', 2, 3, 1, 3),
  (42, 'Imperial Trained Infantryman', 3, 5, 1, 3),
  (43, 'Imperial Legionary', 5, 12, 1, 3),
  (44, 'Imperial Veteran Legionary', 5, 12, 0, 3),
  (45, 'Imperial Palatine Guard', 5, 12, 1, 3),
  (46, 'Imperial Menavliaton', 4, 8, 1, 3),
  (47, 'Imperial Elite Menavliaton', 5, 12, 1, 3),
  (48, 'Imperial Archer', 2, 3, 1, 3),
  (49, 'Imperial Veteran Archer', 4, 8, 1, 3),
  (50, 'Imperial Master Archer', 5, 12, 0, 3),
  (51, 'Imperial Crossbowman', 4, 8, 1, 3),
  (52, 'Imperial Sergeant Crossbowman', 5, 12, 1, 3),
  (53, 'Imperial Vigla Recruit', 2, 3, 1, 3),
  (54, 'Imperial Equite', 3, 5, 1, 3),
  (55, 'Imperial Heavy Horseman', 4, 8, 1, 3),
  (56, 'Imperial Cataphract', 5, 12, 1, 3),
  (57, 'Imperial Elite Cataphract', 6, 17, 1, 3),
  (58, 'Imperial Bucellarii', 5, 12, 1, 3),
  (59, 'Imperial Bucellarii Heavy Cavalry', 4, 8, 1, 3),
  (60, 'Khuzait Nomad', 1, 2, 0, 4),
  (61, 'Khuzait Tribal Warrior', 2, 3, 0, 4),
  (62, 'Khuzait Spearman', 3, 5, 0, 4),
  (63, 'Khuzait Lancer', 4, 8, 1, 4),
  (64, 'Khuzait Hunter', 3, 5, 0, 4),
  (65, 'Khuzait Marksman', 5, 12, 0, 4),
  (66, 'Khuzait Master Archer', 5, 12, 0, 4),
  (67, 'Khuzait Raider', 3, 5, 1, 4),
  (68, 'Khuzait Horse Archer', 4, 8, 1, 4),
  (69, 'Khuzait Heavy Horse Archer', 5, 13, 1, 4),
  (70, 'Khuzait Noble''s Son', 2, 3, 0, 4),
  (71, 'Khuzait Qanqli', 3, 5, 1, 4),
  (72, 'Khuzait Torguud', 4, 8, 1, 4),
  (73, 'Khuzait Kheshig', 5, 13, 1, 4),
  (74, 'Khuzait Khan''s Guard', 6, 17, 1, 4),
  (75, 'Khuzait Darkhan', 5, 13, 1, 4),
  (76, 'Khuzait Heavy Lancer', 5, 13, 1, 4),
  (77, 'Sturgian Recruit', 1, 2, 0, 5),
  (78, 'Sturgian Warrior', 2, 3, 0, 5),
  (79, 'Sturgian Soldier', 3, 5, 0, 5),
  (80, 'Sturgian Spearman', 4, 8, 0, 5),
  (81, 'Sturgian Ulfhednar', 2, 3, 0, 5),
  (82, 'Sturgian Shock Warrior', 3, 5, 0, 5),
  (83, 'Sturgian Woodsman', 2, 3, 0, 5),
  (84, 'Sturgian Hunter', 3, 5, 0, 5),
  (85, 'Sturgian Veteran Bowman', 5, 13, 0, 5),
  (86, 'Sturgian Hardened Brigand', 4, 8, 0, 5),
  (87, 'Sturgian Brigand', 3, 5, 0, 5),
  (88, 'Sturgian Axeman', 2, 3, 0, 5),
  (89, 'Sturgian Heavy Axeman', 5, 12, 0, 5),
  (90, 'Sturgian Warrior Son', 2, 2, 0, 5),
  (91, 'Varyag', 3, 4, 1, 5),
  (92, 'Varyag Veteran', 4, 7, 1, 5),
  (93, 'Sturgian Druzhinnik', 5, 12, 1, 5),
  (94, 'Sturgian Druzhinnik Champion', 6, 17, 1, 5),
  (95, 'Vlandian Recruit', 1, 2, 0, 6),
  (96, 'Vlandian Footman', 2, 3, 0, 6),
  (97, 'Vlandian Infantry', 3, 5, 0, 6),
  (98, 'Vlandian Voulgier', 5, 12, 0, 6),
  (99, 'Vlandian Levy Crossbowman', 2, 3, 0, 6),
  (100, 'Vlandian Crossbowman', 3, 5, 0, 6),
  (101, 'Vlandian Hardened Crossbowman', 4, 8, 0, 6),
  (102, 'Vlandian Sharpshooter', 5, 12, 0, 6),
  (103, 'Vlandian Squire', 2, 3, 0, 6),
  (104, 'Vlandian Gallant', 3, 5, 0, 6),
  (105, 'Vlandian Knight', 4, 8, 1, 6),
  (106, 'Vlandian Champion', 5, 12, 0, 6),
  (107, 'Vlandian Banner Knight', 6, 17, 1, 6);

-- Attributes Table
INSERT INTO Attributes (attribute_id, name, description) VALUES
  (1, 'Vigor', 'Base character attribute'),
  (2, 'Control', 'Base character attribute'),
  (3, 'Endurance', 'Base character attribute'),
  (4, 'Cunning', 'Base character attribute'),
  (5, 'Social', 'Base character attribute'),
  (6, 'Intelligence', 'Base character attribute');

-- Skills Table
INSERT INTO Skills (skill_id, name, description, is_combat_skill, attribute_id) VALUES
  (1, 'One Handed', 'One Handed skill', 1, 1),
  (2, 'Two Handed', 'Two Handed skill', 1, 1),
  (3, 'Polearm', 'Polearm skill', 1, 1),
  (4, 'Bow', 'Bow skill', 1, 2),
  (5, 'Crossbow', 'Crossbow skill', 1, 2),
  (6, 'Throwing', 'Throwing skill', 1, 2),
  (7, 'Riding', 'Riding skill', 1, 3),
  (8, 'Athletics', 'Athletics skill', 1, 3),
  (9, 'Tactics', 'Tactics skill', 0, 4),
  (10, 'Scouting', 'Scouting skill', 0, 4),
  (11, 'Roguery', 'Roguery skill', 0, 4),
  (12, 'Charm', 'Charm skill', 0, 5),
  (13, 'Leadership', 'Leadership skill', 0, 5),
  (14, 'Trade', 'Trade skill', 0, 5),
  (15, 'Steward', 'Steward skill', 0, 6),
  (16, 'Medicine', 'Medicine skill', 0, 6),
  (17, 'Engineering', 'Engineering skill', 0, 6);

-- Troop_Upgrade_Paths Table
INSERT INTO Troop_Upgrade_Paths (base_troop_id, upgraded_troop_id, xp_cost) VALUES
  (1, 2, 100),
  (2, 3, 200),
  (3, 4, 300),
  (4, 5, 400),
  (2, 6, 200),
  (6, 7, 300),
  (7, 8, 400),
  (1, 9, 100),
  (9, 10, 200),
  (10, 11, 300),
  (11, 12, 400),
  (9, 13, 200),
  (13, 11, 300),
  (2, 14, 200),
  (14, 15, 300),
  (15, 16, 400),
  (17, 18, 100),
  (18, 19, 200),
  (19, 20, 300),
  (20, 21, 400),
  (22, 23, 100),
  (23, 24, 200),
  (24, 25, 300),
  (25, 26, 400),
  (22, 27, 100),
  (27, 28, 200),
  (28, 29, 300),
  (29, 30, 400),
  (23, 31, 200),
  (31, 32, 300),
  (32, 33, 400),
  (22, 24, 100),
  (24, 34, 200),
  (34, 35, 300),
  (36, 37, 100),
  (37, 35, 200),
  (35, 38, 300),
  (38, 39, 400),
  (40, 41, 100),
  (41, 42, 200),
  (42, 43, 300),
  (43, 44, 400),
  (44, 45, 500),
  (42, 46, 300),
  (46, 47, 400),
  (41, 48, 200),
  (48, 49, 300),
  (49, 50, 400),
  (41, 51, 200),
  (51, 52, 300),
  (53, 54, 100),
  (54, 55, 200),
  (55, 56, 300),
  (56, 57, 400),
  (53, 58, 100),
  (58, 59, 200),
  (60, 61, 100),
  (61, 62, 200),
  (62, 63, 300),
  (61, 64, 200),
  (64, 65, 300),
  (65, 66, 400),
  (60, 67, 100),
  (67, 68, 200),
  (68, 68, 300),
  (68, 69, 400),
  (70, 71, 100),
  (71, 72, 200),
  (72, 73, 300),
  (73, 74, 400),
  (70, 75, 100),
  (75, 76, 200),
  (77, 78, 100),
  (78, 79, 200),
  (79, 80, 300),
  (80, 81, 400),
  (81, 82, 500),
  (77, 83, 100),
  (83, 84, 200),
  (84, 85, 300),
  (78, 86, 200),
  (86, 87, 300),
  (79, 88, 300),
  (88, 89, 400),
  (90, 91, 100),
  (91, 92, 200),
  (92, 93, 300),
  (93, 94, 400),
  (95, 96, 100),
  (96, 97, 200),
  (97, 98, 300),
  (95, 99, 100),
  (99, 100, 200),
  (100, 101, 300),
  (101, 102, 400),
  (103, 104, 100),
  (104, 105, 200),
  (105, 106, 300),
  (106, 107, 400);

-- Troop_Equipment_Junction Table
-- Equipment data requires separate scraping of item pages
-- INSERT INTO Troop_Equipment_Junction (troop_id, item_id, slot) VALUES ...