INSERT INTO Cultures (culture_id, name, description) VALUES
  (1, 'Aserai', 'Aserai Culture'),
  (2, 'Battanian', 'Battanian Culture'),
  (3, 'Imperial', 'Imperial Culture'),
  (4, 'Khuzait', 'Khuzait Culture'),
  (5, 'Sturgian', 'Sturgian Culture'),
  (6, 'Vlandian', 'Vlandian Culture'),
  (7, 'Neutral 1', 'Placeholder for items data'),
  (8, 'Neutral 2', 'Placeholder for items data'),
  (9, 'Neutral 3', 'Placeholder for items data');


-- Item Types
INSERT INTO Item_Types (item_type_id, item_type) VALUES
  (1, 'melee_weapons'),
  (2, 'ranged_weapons'),
  (3, 'armors'),
  (4, 'shields'),
  (5, 'horses');

-- Items
INSERT INTO Items (item_id, item_type_id, culture_id, name) VALUES
  (1, 1, 2, 'Falx Knife'),
  (2, 1, 2, 'Highland Dagger'),
  (3, 1, 3, 'Pugio'),
  (4, 1, 6, 'Seax'),
  (5, 1, 3, 'Xiphos'),
  (6, 1, 5, 'Falchion'),
  (7, 1, 3, 'Iron Spatha'),
  (8, 1, 2, 'Ridged Iron Broadsword'),
  (9, 1, 5, 'Simple Bastard Sword'),
  (10, 1, 5, 'Simple Scimitar'),
  (11, 1, 6, 'Tapered Blade'),
  (12, 1, 6, 'Backsword'),
  (13, 1, 2, 'Broad Ridged Shortsword'),
  (14, 1, 2, 'Broadsword'),
  (15, 1, 6, 'Gold Bound Short Warsword'),
  (16, 1, 7, 'Iron Arming Sword'),
  (17, 1, 1, 'Iron Flyssa'),
  (18, 1, 4, 'Iron Saber'),
  (19, 1, 1, 'Iron Scimitar'),
  (20, 1, 3, 'Iron Spatha'),
  (21, 1, 7, 'Short Sword'),
  (22, 1, 5, 'Star Falchion'),
  (23, 1, 5, 'Cleaver'),
  (24, 1, 5, 'Narrow Sword'),
  (25, 1, 6, 'Pointy Warsword'),
  (26, 1, 5, 'Broad Falchion'),
  (27, 1, 4, 'Broad Ild'),
  (28, 1, 7, 'Decorated Fullered Sword'),
  (29, 1, 6, 'Decorated Long Warsword'),
  (30, 1, 1, 'Fine Steel Long Kaskara'),
  (31, 1, 3, 'Fine Steel Paramerion'),
  (32, 1, 3, 'Fine Steel Spatha'),
  (33, 1, 6, 'Fullered Narrow Warsword'),
  (34, 1, 4, 'Long Saber'),
  (35, 1, 6, 'Long Warsword'),
  (36, 1, 5, 'Pointed Falchion'),
  (37, 1, 7, 'Ridged Tipped Arming Sword'),
  (38, 1, 3, 'Spatha with Narrow Fuller'),
  (39, 1, 5, 'Scalpel'),
  (40, 1, 1, 'Slightly Ridged Flyssa'),
  (41, 1, 3, 'Spatha'),
  (42, 1, 4, 'Straight Saber'),
  (43, 1, 7, 'The Ambassador'),
  (44, 1, 6, 'Tyrhung'),
  (45, 1, 7, 'Arming Sword with Circle'),
  (46, 1, 5, 'Broad Arming Sword'),
  (47, 1, 7, 'Crescent Guarded Arming Sword'),
  (48, 1, 7, 'Decorated Arming Sword'),
  (49, 1, 4, 'Decorated Saber'),
  (50, 1, 1, 'Desert Long Sword'),
  (51, 1, 1, 'Engraved Angular Kaskara'),
  (52, 1, 2, 'Fine Steel Cavalry Broadsword'),
  (53, 1, 4, 'Fine Steel Saber'),
  (54, 1, 6, 'Fullered Long Warsword'),
  (55, 1, 4, 'Heavy Sabre'),
  (56, 1, 2, 'Highland Fine Steel Blade'),
  (57, 1, 7, 'Knightly Arming Sword'),
  (58, 1, 1, 'Long Fine Steel Scimitar'),
  (59, 1, 1, 'Narrow Fine Steel Kaskara'),
  (60, 1, 7, 'Ridged Arming Sword'),
  (61, 1, 1, 'Ridged Saber'),
  (62, 1, 4, 'Tall Gripped Ild Sword'),
  (63, 1, 3, 'Thamaskene Steel Spathion'),
  (64, 1, 6, 'Thamaskene Steel Warsword'),
  (65, 1, 7, 'Wide Fullered Broad Arming Sword'),
  (66, 1, 2, 'Decorated Broadsword'),
  (67, 1, 1, 'Decorated Kaskara'),
  (68, 1, 1, 'Decorated Long Scimitar'),
  (69, 1, 1, 'Decorated Scimitar with Wide Grip'),
  (70, 1, 2, 'Engraved Backsword'),
  (71, 1, 4, 'Lion Imprinted Saber'),
  (72, 1, 1, 'Thamaskene Steel Kaskara'),
  (73, 1, 5, 'Hatchet'),
  (74, 1, 5, 'Pickaxe'),
  (75, 1, 5, 'Sickle'),
  (76, 1, 1, 'Bamboo Handled Ascia Axe'),
  (77, 1, 1, 'Bamboo Handled Axe'),
  (78, 1, 5, 'Galloglaich Axe'),
  (79, 1, 7, 'Infantry Axe'),
  (80, 1, 5, 'Norse Hatchet'),
  (81, 1, 5, 'Small Bit Axe'),
  (82, 1, 5, 'Small Spurred Axe'),
  (83, 1, 1, 'Wood Splitter Axe'),
  (84, 1, 5, 'Broad Tzikourion'),
  (85, 1, 6, 'Commoner Axe'),
  (86, 1, 5, 'Large Franziska Axe'),
  (87, 1, 6, 'Simple Raider Battle Axe'),
  (88, 1, 3, 'Tzikourion'),
  (89, 1, 2, 'Woodland Axe'),
  (90, 1, 1, 'Bamboo Axe'),
  (91, 1, 5, 'Battle Axe'),
  (92, 1, 2, 'One Handed Bearded Axe'),
  (93, 1, 5, 'Spiked Battle Axe'),
  (94, 1, 6, 'Veteran Warrior Axe'),
  (95, 1, 6, 'Rectangular Bitted Axe'),
  (96, 1, 2, 'Round Bitted Fine Steel Hatchet'),
  (97, 1, 5, 'Wooden Hammer'),
  (98, 1, 5, 'Blacksmith Hammer'),
  (99, 1, 2, 'Knobbed Club'),
  (100, 1, 5, 'Spiked Club'),
  (101, 1, 5, 'Spiked Mace'),
  (102, 1, 1, 'Fullered Light Mace'),
  (103, 1, 2, 'Highland Spiked Club'),
  (104, 1, 4, 'Steppe Light Mace'),
  (105, 1, 1, 'Heavy Horseman Mace'),
  (106, 1, 2, 'Highland Mace'),
  (107, 1, 5, 'Judgement'),
  (108, 1, 1, 'Light Mace'),
  (109, 1, 5, 'Morningstar'),
  (110, 1, 5, 'Steel Shestopyor'),
  (111, 1, 5, 'Light Mace'),
  (112, 1, 3, 'Calradic Mace'),
  (113, 1, 4, 'Eastern Heavy Mace'),
  (114, 1, 4, 'Fine Steel Mace'),
  (115, 1, 7, 'Fullered Cavalry Mace'),
  (116, 1, 3, 'Imperial Light Mace'),
  (117, 1, 1, 'Light Shishpar Mace'),
  (118, 1, 1, 'Spiralled Mace'),
  (119, 1, 3, 'Cataphract Mace'),
  (120, 1, 4, 'Heavy Flanged Mace'),
  (121, 1, 3, 'Light Royal Mace'),
  (122, 1, 7, 'Pernach'),
  (123, 1, 4, 'Steel Mace'),
  (124, 1, 3, 'Justicier'),
  (125, 1, 2, 'Battanian Mountain Blade'),
  (126, 1, 1, 'Broad Kaskara'),
  (127, 1, 2, 'Early Retirement'),
  (128, 1, 2, 'Falx'),
  (129, 1, 6, 'Fine Steel Two Handed Sword'),
  (130, 1, 2, 'Highland Broadsword'),
  (131, 1, 2, 'Highland Fine Two Handed Sword'),
  (132, 1, 2, 'Reaper'),
  (133, 1, 5, 'Ridged Great Saber'),
  (134, 1, 1, 'Ridged Long Kaskara'),
  (135, 1, 7, 'Tapered Two-Hander'),
  (136, 1, 5, 'Two-Handed Cleaver'),
  (137, 1, 5, 'War Razor'),
  (138, 1, 2, 'Iron Broadsword'),
  (139, 1, 7, 'Broad Two Hander'),
  (140, 1, 2, 'Northlander Wide Fullered Greatsword'),
  (141, 1, 7, 'Sentinel'),
  (142, 1, 7, 'Thamaskene Steel Two Hander'),
  (143, 1, 7, 'Wide Fullered Broad Two Hander'),
  (144, 1, 5, 'Hoe*'),
  (145, 1, 5, 'Simple Sparth Axe'),
  (146, 1, 2, 'Square Bit Two Handed Axe'),
  (147, 1, 5, 'Bearded Axe'),
  (148, 1, 5, 'Black Heart'),
  (149, 1, 1, 'Executioner Axe'),
  (150, 1, 7, 'Hooked Cavalry Axe'),
  (151, 1, 6, 'Northlander Broad Axe'),
  (152, 1, 7, 'Short Bill'),
  (153, 1, 1, 'Short Handled Bardiche'),
  (154, 1, 6, 'Avalanche'),
  (155, 1, 6, 'Drilled Two Handed Axe'),
  (156, 1, 1, 'Heavy Executioner Axe'),
  (157, 1, 6, 'Northlander Decorated Two Handed Axe'),
  (158, 1, 2, 'Sledgehammer'),
  (159, 1, 5, 'Iron Pitchfork'),
  (160, 1, 5, 'Pitchfork'),
  (161, 1, 6, 'Military Fork'),
  (162, 1, 5, 'Short Militia Spear'),
  (163, 1, 7, 'Simple Commoner Spear'),
  (164, 1, 6, 'Short Simple Raider Spear'),
  (165, 1, 4, 'Weighted Steppe Spear'),
  (166, 1, 5, 'Broad Leaf Shaped Spear'),
  (167, 1, 1, 'Knob Headed Spear'),
  (168, 1, 1, 'Knob Headed Spear with Frills'),
  (169, 1, 3, 'Light Cavalry Lance'),
  (170, 1, 7, 'Light Lance'),
  (171, 1, 4, 'Light Steppe Rider Spear'),
  (172, 1, 4, 'Long Narrow Headed Spear'),
  (173, 1, 4, 'Narrow Long Headed Spear'),
  (174, 1, 2, 'Reinforced Highland Spear'),
  (175, 1, 7, 'Tall Tipped Long Spear'),
  (176, 1, 7, 'Tall Tipped Spear'),
  (177, 1, 5, 'Triangular Headed Spear'),
  (178, 1, 6, 'Druzhinnik Lance'),
  (179, 1, 1, 'Fine Steel Leaf Spear'),
  (180, 1, 5, 'Fine Steel Spear'),
  (181, 1, 4, 'Heavy Cavalry Lance'),
  (182, 1, 6, 'Jagged Fine Steel Spear'),
  (183, 1, 7, 'Knight Lance'),
  (184, 1, 5, 'Long Fine Steel Spear'),
  (185, 1, 1, 'Long Thamaskene Tipped Spear'),
  (186, 1, 1, 'Mamluke Lance'),
  (187, 1, 2, 'Steel Tipped Hooked Spear'),
  (188, 1, 5, 'Wide Leaf Spear'),
  (189, 1, 6, 'Fine Steel Hewing Spear'),
  (190, 1, 6, 'Heavy Druzhinnik Lance'),
  (191, 1, 7, 'Heavy Knight Lance'),
  (192, 1, 2, 'Highland War Spear'),
  (193, 1, 4, 'Jagged Throwing Spear*'),
  (194, 1, 4, 'Noble Cavalry Lance'),
  (195, 1, 3, 'Pilum*'),
  (196, 1, 4, 'Thin Fine Steel Hewing Spear'),
  (197, 1, 3, 'Fine Steel Menavlion'),
  (198, 1, 4, 'Glaive'),
  (199, 1, 4, 'Long Glaive'),
  (200, 1, 3, 'Menavlion'),
  (201, 1, 1, 'Polesword'),
  (202, 1, 7, 'Voulge'),
  (203, 1, 5, 'Simple Pike'),
  (204, 1, 5, 'Scythe'),
  (205, 1, 5, 'Notched Military Fork'),
  (206, 1, 5, 'Fine Pike'),
  (207, 1, 3, 'Courser Lance'),
  (208, 1, 5, 'Thamaskene Pike'),
  (209, 1, 3, 'Cataphract Lance'),
  (210, 1, 7, 'Pike'),
  (211, 1, 7, 'Billhook'),
  (212, 1, 2, 'Rhomphaia'),
  (213, 1, 6, 'Warrazor'),
  (214, 2, 5, 'Hunting Bow'),
  (215, 2, 2, 'Mountain Hunting Bow'),
  (216, 2, 4, 'Steppe Bow'),
  (217, 2, 5, 'Ranger Bow'),
  (218, 2, 5, 'Longbow'),
  (219, 2, 7, 'Lowland Longbow'),
  (220, 2, 6, 'Nordic Shortbow'),
  (221, 2, 5, 'Simple Short Bow'),
  (222, 2, 4, 'Heavy Recurve Bow'),
  (223, 2, 1, 'Nomad Bow'),
  (224, 2, 4, 'Steppe Recurve Bow'),
  (225, 2, 4, 'Steppe War Bow'),
  (226, 2, 2, 'Woodland Yew Bow'),
  (227, 2, 7, 'Yew Bow'),
  (228, 2, 1, 'Strong Tribesman Bow'),
  (229, 2, 2, 'Woodland Longbow'),
  (230, 2, 5, 'Noble Bow'),
  (231, 2, 5, 'Noble Long Bow'),
  (232, 2, 5, 'Simple Light Crossbow'),
  (233, 2, 5, 'Heavy Crossbow'),
  (234, 2, 7, 'Light Crossbow'),
  (235, 2, 7, 'Arbalest'),
  (236, 2, 7, 'Fine Light Crossbow'),
  (237, 2, 3, 'Hickory Crossbow'),
  (238, 2, 7, 'Bound Crossbow'),
  (239, 2, 5, 'Arrows'),
  (240, 2, 5, 'Barbed Arrows'),
  (241, 2, 5, 'Lowland Arrows'),
  (242, 2, 5, 'Range Arrows'),
  (243, 2, 4, 'Steppe Arrows'),
  (244, 2, 5, 'Light Bodkin Arrows'),
  (245, 2, 5, 'Bodkin Arrows'),
  (246, 2, 5, 'Piercing Arrows'),
  (247, 2, 5, 'Stacked Bodkin Arrows'),
  (248, 2, 4, 'Stacked Steppe Arrows'),
  (249, 2, 7, 'Francesca'),
  (250, 2, 2, 'Highland Throwing Axe*'),
  (251, 2, 2, 'Highland Throwing Axe*'),
  (252, 2, 6, 'Raider Throwing Axe'),
  (253, 2, 1, 'Tribesman Throwing Axe'),
  (254, 2, 5, 'Broad Bladed Throwing Knives'),
  (255, 2, 2, 'Highland Throwing Dagger'),
  (256, 2, 2, 'Leafblade Throwing Knife'),
  (257, 2, 7, 'Lowland Throwing Knife'),
  (258, 2, 5, 'Tribesman Throwing Daggers'),
  (259, 2, 5, 'Simple Javelin'),
  (260, 2, 6, 'Fish Harpoon'),
  (261, 2, 5, 'Jagged Javelin'),
  (262, 2, 5, 'Horseman Javelin'),
  (263, 2, 6, 'Harpoon'),
  (264, 2, 7, 'Lowland Javelin'),
  (265, 2, 2, 'Woodland Javelin'),
  (266, 2, 6, 'Broad Blade Javelin'),
  (267, 2, 7, 'Hooked Javelin'),
  (268, 2, 1, 'Jereed'),
  (269, 3, 7, 'Aketon'),
  (270, 3, 7, 'Aproned Dress'),
  (271, 3, 4, 'Aproned Feminine Coat'),
  (272, 3, 2, 'Armored Baggy Trunks'),
  (273, 3, 8, 'Auxiliary Armor'),
  (274, 3, 8, 'Auxiliary Armor with Straps'),
  (275, 3, 2, 'Baggy Trunks'),
  (276, 3, 7, 'Banded Leather over Mail'),
  (277, 3, 4, 'Belted Leather Cuirass'),
  (278, 3, 6, 'Belted Tunic'),
  (279, 3, 8, 'Boarskin Leather Coat'),
  (280, 3, 7, 'Brigandine over Hauberk'),
  (281, 3, 7, 'Brigandine over Mail'),
  (282, 3, 4, 'Brigandine Vest'),
  (283, 3, 2, 'Bronze Breastplate'),
  (284, 3, 4, 'Bronze Lamellar over Mail'),
  (285, 3, 1, 'Bronze Lamellar Vest over Gambeson'),
  (286, 3, 6, 'Bronze Scale Vest'),
  (287, 3, 6, 'Bronze Scale Vest over Gambeson'),
  (288, 3, 9, 'Buckled Mail Armor'),
  (289, 3, 9, 'Burlap Dress'),
  (290, 3, 2, 'Burlap Waistcoat'),
  (291, 3, 8, 'Cataphract Lamellar Armor'),
  (292, 3, 1, 'Cavalry Lamellar Armor'),
  (293, 3, 8, 'Cavalryman Mail Shirt'),
  (294, 3, 9, 'Cheap Colored Clothes'),
  (295, 3, 9, 'Cheap Paddings'),
  (296, 3, 5, 'Cloth Apron'),
  (297, 3, 6, 'Coat Of Plates'),
  (298, 3, 4, 'Coat with Mirrored Belt'),
  (299, 3, 6, 'Cold Weather Dress'),
  (300, 3, 1, 'Colored Bisht'),
  (301, 3, 1, 'Colored Kaftan'),
  (302, 3, 8, 'Commoner Clothes'),
  (303, 3, 9, 'Commoner Shirt'),
  (304, 3, 9, 'Commoner Tunic'),
  (305, 3, 7, 'Corseted Dress'),
  (306, 3, 4, 'Crude Hide Armor'),
  (307, 3, 4, 'Cured Leather Lamellar Armor'),
  (308, 3, 6, 'Cured Leather Lamellar Shirt'),
  (309, 3, 8, 'Cured Studded Leather Armor'),
  (310, 3, 6, 'Cut Dress with Pouch'),
  (311, 3, 6, 'Decorated Hauberk'),
  (312, 3, 8, 'Decorated Legionary Mail'),
  (313, 3, 6, 'Decorated Thick Tunic'),
  (314, 3, 6, 'Dress'),
  (315, 3, 4, 'Dress with Fur'),
  (316, 3, 9, 'Dummy Higher Average'),
  (317, 3, 9, 'Dummy Lower Average'),
  (318, 3, 9, 'Dummy Max Armor'),
  (319, 3, 9, 'Dummy Min Armor'),
  (320, 3, 4, 'Envelope Dress'),
  (321, 3, 1, 'Feminine Kaftan'),
  (322, 3, 7, 'Fortified Mercenary Armor'),
  (323, 3, 6, 'Frilled Dress'),
  (324, 3, 2, 'Fur Armor'),
  (325, 3, 2, 'Fur Armor with Strap'),
  (326, 3, 9, 'Fur Coat over Tunic'),
  (327, 3, 9, 'Fur Skirt'),
  (328, 3, 9, 'Fur Skirt with Tunic'),
  (329, 3, 6, 'Fur Trimmed Short Tunic'),
  (330, 3, 6, 'Fur Trimmed Tunic'),
  (331, 3, 9, 'Fur Waistcoat over Tunic'),
  (332, 3, 1, 'Gambeson over Mail Armor'),
  (333, 3, 5, 'Half Apron'),
  (334, 3, 7, 'Heavy Aketon'),
  (335, 3, 6, 'Heavy Lamellar over Hauberk'),
  (336, 3, 6, 'Heavy Lamellar over Mail'),
  (337, 3, 6, 'Heavy Lamellar over Mail Armor'),
  (338, 3, 6, 'Heavy Lamellar Vest'),
  (339, 3, 6, 'Heavy Lamellar Vest'),
  (340, 3, 7, 'Heavy Mail Hauberk'),
  (341, 3, 7, 'Heavy Mail Shirt'),
  (342, 3, 2, 'Heavy Mail Shirt with Wide Belt'),
  (343, 3, 2, 'Heavy Mail Vest'),
  (344, 3, 1, 'Heavy Ring Mail'),
  (345, 3, 8, 'Heavy Scale Armor over Mail Hauberk'),
  (346, 3, 6, 'Heavy Tunic'),
  (347, 3, 8, 'Hemp Tunic'),
  (348, 3, 2, 'Highborn Mail Armor'),
  (349, 3, 2, 'Highland Kilt over Tartan Trousers'),
  (350, 3, 2, 'Highland Long Tartan'),
  (351, 3, 2, 'Highland Mail Shirt'),
  (352, 3, 2, 'Highland Reinforced Mail'),
  (353, 3, 2, 'Highland Reinforced Mail over Tartan'),
  (354, 3, 2, 'Highland Scale Armor over Cloth'),
  (355, 3, 2, 'Highland Scale Armor over Mail Armor'),
  (356, 3, 2, 'Highland Tartan'),
  (357, 3, 2, 'Highland Tartan with Chest Plate'),
  (358, 3, 6, 'Huscarl Decorated Mail Shirt'),
  (359, 3, 6, 'Huscarl Hauberk'),
  (360, 3, 6, 'Huscarl Mail Shirt'),
  (361, 3, 8, 'Infantryman Gambeson'),
  (362, 3, 8, 'Infantryman Gambeson over Leather Jacket'),
  (363, 3, 8, 'Infantryman Gambeson with Skirts'),
  (364, 3, 8, 'Infantryman Gambeson with Straps'),
  (365, 3, 8, 'Infantryman Long Gambeson'),
  (366, 3, 8, 'Infantryman Mail over Leather'),
  (367, 3, 8, 'Infantryman Mail over Striped Leather'),
  (368, 3, 8, 'Infantryman Mail Vest'),
  (369, 3, 8, 'Infantryman Rough Gambeson'),
  (370, 3, 1, 'Kaftan with Leather Belt'),
  (371, 3, 1, 'Kaftan with Waistband'),
  (372, 3, 4, 'Khan''s Coat of Plates'),
  (373, 3, 2, 'Kilt over Plated Leather'),
  (374, 3, 6, 'Laced Dress'),
  (375, 3, 8, 'Ladies Dress'),
  (376, 3, 8, 'Lamellar with Scale Skirt'),
  (377, 3, 4, 'Lancer Lamellar Armor'),
  (378, 3, 6, 'Layered Leather Tunic'),
  (379, 3, 1, 'Layered Robe'),
  (380, 3, 5, 'Leather Apron'),
  (381, 3, 8, 'Leather Armor'),
  (382, 3, 6, 'Leather Armor over Heavy Cloth'),
  (383, 3, 6, 'Leather Armor with Iron Plates'),
  (384, 3, 7, 'Leather Coat over Cloth'),
  (385, 3, 7, 'Leather Scale Armor'),
  (386, 3, 1, 'Leather Strips over Padded Robe'),
  (387, 3, 6, 'Leather Tabard'),
  (388, 3, 6, 'Leather Tabard over Mail'),
  (389, 3, 7, 'Leather Tunic'),
  (390, 3, 8, 'Leather Tunic'),
  (391, 3, 8, 'Legionary Mail'),
  (392, 3, 1, 'Light Lamellar Armor'),
  (393, 3, 1, 'Light Long Padded Armor'),
  (394, 3, 6, 'Light Padded Armor'),
  (395, 3, 6, 'Light Tunic'),
  (396, 3, 2, 'Long Fur Coat'),
  (397, 3, 7, 'Long Hemp Tunic'),
  (398, 3, 1, 'Long Padded Robe'),
  (399, 3, 1, 'Long Simple Robe'),
  (400, 3, 6, 'Long Tunic'),
  (401, 3, 7, 'Long Woolen Tunic'),
  (402, 3, 2, 'Luxury Brigandine'),
  (403, 3, 4, 'Luxury Coat'),
  (404, 3, 1, 'Luxury Kaftan'),
  (405, 3, 1, 'Luxury Kaftan with Waistband'),
  (406, 3, 8, 'Luxury Lamellar Vest over Leather'),
  (407, 3, 1, 'Luxury Scale Armor'),
  (408, 3, 4, 'Luxury Thick Coat'),
  (409, 3, 6, 'Luxury Tunic'),
  (410, 3, 7, 'Mail Shirt'),
  (411, 3, 1, 'Mastercrafted Southern Scale Mail'),
  (412, 3, 1, 'Mastercrafted Southern Scale over Chain Hauberk'),
  (413, 3, 1, 'Mastercrafted Southern Scale over Chain Mail'),
  (414, 3, 5, 'Merchant Fur Coat'),
  (415, 3, 8, 'Military Tunic'),
  (416, 3, 4, 'Mirrored Brigandine Armor'),
  (417, 3, 4, 'Mirrored Leather Armor'),
  (418, 3, 9, 'Old Fur Armor'),
  (419, 3, 9, 'Old Fur Coat'),
  (420, 3, 8, 'Ornate Legionary Scale Mail'),
  (421, 3, 8, 'Ornate Scale Armor'),
  (422, 3, 8, 'Padded Cloth with Strips'),
  (423, 3, 7, 'Padded Footman Coat'),
  (424, 3, 9, 'Padded Leather Overcoat'),
  (425, 3, 7, 'Padded Leather Shirt'),
  (426, 3, 7, 'Padded Short Coat'),
  (427, 3, 8, 'Patched Gambeson'),
  (428, 3, 2, 'Plaid Dress'),
  (429, 3, 6, 'Plain Dress'),
  (430, 3, 9, 'Ragged Robes'),
  (431, 3, 2, 'Ranger Mail'),
  (432, 3, 8, 'Red Dress'),
  (433, 3, 7, 'Red Tabard over Mail Hauberk'),
  (434, 3, 4, 'Reinforced Leather Armor'),
  (435, 3, 4, 'Reinforced Mirror Armor'),
  (436, 3, 4, 'Reinforced Suede Armor'),
  (437, 3, 6, 'Reinforced Thick Tunic'),
  (438, 3, 8, 'Rich Dress'),
  (439, 3, 8, 'Rich Tunic'),
  (440, 3, 1, 'Ring Mail'),
  (441, 3, 1, 'Robe over Mail Hauberk'),
  (442, 3, 1, 'Robe over Mail Shirt'),
  (443, 3, 7, 'Rough Brigandine'),
  (444, 3, 9, 'Rough Fur Armor'),
  (445, 3, 9, 'Rough Fur over Mail'),
  (446, 3, 2, 'Rough Scale Mail'),
  (447, 3, 6, 'Roughcloth Shortcoat'),
  (448, 3, 9, 'Rugged Gambeson'),
  (449, 3, 2, 'Rugged Scale Armor'),
  (450, 3, 7, 'Sackcloth Tunic'),
  (451, 3, 2, 'Scale Warlord Armor'),
  (452, 3, 7, 'Scholar Robe'),
  (453, 3, 6, 'Short Gambeson over Tunic'),
  (454, 3, 1, 'Short Padded Robe'),
  (455, 3, 8, 'Short Tunic'),
  (456, 3, 1, 'Silk Kaftan'),
  (457, 3, 7, 'Silken Noble Dress'),
  (458, 3, 7, 'Simple Cloth Tunic'),
  (459, 3, 1, 'Simple Kaftan'),
  (460, 3, 1, 'Simple Peasant Robe'),
  (461, 3, 6, 'Sleeved Heavy Tunic'),
  (462, 3, 9, 'Sleeveless Enveloped Padded Garments'),
  (463, 3, 9, 'Sleeveless Fur Coat'),
  (464, 3, 7, 'Sleeveless Padded Coat'),
  (465, 3, 7, 'Sleeveless Padded Short Coat'),
  (466, 3, 2, 'Sleeveless Studded Fur Armor'),
  (467, 3, 6, 'Sloven Leather'),
  (468, 3, 1, 'Southern Chain Mail'),
  (469, 3, 1, 'Southern Decorated Chain Mail'),
  (470, 3, 1, 'Southern Mail Shirt with Brass Plates'),
  (471, 3, 1, 'Southern Reinforced Mail Armor'),
  (472, 3, 1, 'Southern Reinforced Mail Vest'),
  (473, 3, 1, 'Southern Reinforced Short Mail Armor'),
  (474, 3, 1, 'Southern Reinforced Sleeveless Mail Armor'),
  (475, 3, 1, 'Southern Sleeveless Mail Shirt with Brass Plates'),
  (476, 3, 4, 'Steppe Robe'),
  (477, 3, 4, 'Stitched Cured Leather Coat'),
  (478, 3, 1, 'Stitched Leather over Mail'),
  (479, 3, 6, 'Stitched Leather Vest'),
  (480, 3, 4, 'Striped Coat'),
  (481, 3, 9, 'Studded Fur Armor'),
  (482, 3, 4, 'Studded Leather Armor'),
  (483, 3, 1, 'Studded Leather Coat'),
  (484, 3, 4, 'Studded Leather over Aketon'),
  (485, 3, 4, 'Studded Leather Waistcoat'),
  (486, 3, 1, 'Tailored Dress'),
  (487, 3, 2, 'Tartan Dress'),
  (488, 3, 2, 'Tartan Long Dress'),
  (489, 3, 2, 'Tartan Toga'),
  (490, 3, 2, 'Tartan Tunic'),
  (491, 3, 1, 'Tassled Robes'),
  (492, 3, 9, 'Tattered Rags'),
  (493, 3, 1, 'Thawb'),
  (494, 3, 8, 'Thick Brigandine Vest'),
  (495, 3, 1, 'Thick Sleeved Robe'),
  (496, 3, 8, 'Tied Cloth Tunic'),
  (497, 3, 8, 'Toga'),
  (498, 3, 9, 'Torn Padded Garments'),
  (499, 3, 9, 'Torn Robe'),
  (500, 3, 2, 'Townsman Luxury Coat'),
  (501, 3, 6, 'Tunic with Leather Vest'),
  (502, 3, 8, 'Tunic with Rolled Cloth'),
  (503, 3, 8, 'Tunic with Shoulder Pads'),
  (504, 3, 6, 'Varyag Tunic'),
  (505, 3, 2, 'Villager Leather Tunic'),
  (506, 3, 1, 'Villager Short Dress'),
  (507, 3, 2, 'Villager Thick Dress'),
  (508, 3, 7, 'White Tabard over Mail Hauberk'),
  (509, 3, 2, 'Wildling Armor'),
  (510, 3, 2, 'Woodland Cloth Armor'),
  (511, 3, 2, 'Woodland Commoner Dress'),
  (512, 3, 2, 'Woodland Garments'),
  (513, 3, 7, 'Woven Leather Vest'),
  (514, 3, 8, 'Austere Crown'),
  (515, 3, 1, 'Bandit Leather Hood'),
  (516, 3, 6, 'Battle Crown'),
  (517, 3, 2, 'Bear Head'),
  (518, 3, 1, 'Brass Southern Closed Helmet'),
  (519, 3, 1, 'Brass Southern Closed Helmet with Turban'),
  (520, 3, 1, 'Brass Southern Helmet'),
  (521, 3, 1, 'Brass Southern Helmet with Leather Flaps'),
  (522, 3, 1, 'Brass Southern Helmet with Turban'),
  (523, 3, 1, 'Brass Turbaned Helmet with Leather Flaps'),
  (524, 3, 2, 'Bronze Cap with Cheek Guards'),
  (525, 3, 8, 'Bronze Nasalhelm over Mail'),
  (526, 3, 2, 'Cap with Fur Coif'),
  (527, 3, 4, 'Cap with Neck Flap'),
  (528, 3, 7, 'Cervelliere over Arming Coif'),
  (529, 3, 7, 'Cervelliere over Cloth Headwrap'),
  (530, 3, 7, 'Cervelliere over Laced Coif'),
  (531, 3, 7, 'Cervelliere over Padded Cap'),
  (532, 3, 6, 'Closed Decorated Goggled Helmet'),
  (533, 3, 1, 'Closed Head Scarf'),
  (534, 3, 6, 'Closed Huscarl Helmet'),
  (535, 3, 7, 'Closed Knight Helmet'),
  (536, 3, 6, 'Closed Mail Goggled Helmet'),
  (537, 3, 1, 'Closed Steel Cap'),
  (538, 3, 6, 'Closed Warlord Helmet'),
  (539, 3, 8, 'Cloth Coif'),
  (540, 3, 7, 'Cloth Headwrap'),
  (541, 3, 2, 'Cloth Hood'),
  (542, 3, 1, 'Colored Hijab'),
  (543, 3, 1, 'Colored Keffiyeh'),
  (544, 3, 1, 'Colored Turban'),
  (545, 3, 7, 'Crowned Helmet'),
  (546, 3, 7, 'Crowned Plate Helmet'),
  (547, 3, 2, 'Decorated Bronze Helmet with Cheek Guards'),
  (548, 3, 4, 'Decorated Nomad Cap'),
  (549, 3, 1, 'Desert Headdress'),
  (550, 3, 1, 'Desert Headscarf'),
  (551, 3, 1, 'Emir Helmet'),
  (552, 3, 8, 'Feathered Spangenhelm'),
  (553, 3, 8, 'Feathered Spangenhelm over Coif'),
  (554, 3, 8, 'Feathered Spangenhelm over Leather'),
  (555, 3, 8, 'Feathered Spangenhelm over Mail'),
  (556, 3, 1, 'Female Headwrap'),
  (557, 3, 7, 'Female Rural Headwrap'),
  (558, 3, 7, 'Female Rural Scarf'),
  (559, 3, 2, 'Fringed Bronze Cap with Cheek Guards'),
  (560, 3, 2, 'Fringed Decorated Bronze Cap with Cheek Guards'),
  (561, 3, 2, 'Fringed Decorated Steel Cap with Cheek Guards'),
  (562, 3, 2, 'Fringed Steel Cap with Cheek Guards'),
  (563, 3, 7, 'Full Helm over Arming Coif'),
  (564, 3, 7, 'Full Helm over Cloth Headwrap'),
  (565, 3, 7, 'Full Helm over Laced Coif'),
  (566, 3, 7, 'Full Helm over Mail Coif'),
  (567, 3, 7, 'Full Helm over Padded Cap'),
  (568, 3, 7, 'Full Helm over Padded Cloth'),
  (569, 3, 6, 'Fur Cap'),
  (570, 3, 6, 'Fur Cap with Ear Flaps'),
  (571, 3, 6, 'Fur Rimmed Cap'),
  (572, 3, 4, 'Furred Noble Lancer Helmet'),
  (573, 3, 8, 'Goggled Cataphract Helmet'),
  (574, 3, 6, 'Goggled Helmet over Leather'),
  (575, 3, 6, 'Goggled Helmet over Mail'),
  (576, 3, 8, 'Golden Laurel Crown'),
  (577, 3, 6, 'Head Scarf'),
  (578, 3, 1, 'Headscarf with Fez'),
  (579, 3, 6, 'Heavy Cavalry Helmet'),
  (580, 3, 4, 'Heavy Lancer Helmet'),
  (581, 3, 8, 'Heavy Nasalhelm over Laced Cloth'),
  (582, 3, 8, 'Heavy Nasalhelm over Leather'),
  (583, 3, 8, 'Heavy Nasalhelm over Mail'),
  (584, 3, 8, 'Heavy Nasalhelm over Padding'),
  (585, 3, 8, 'Helmet with Faceguard'),
  (586, 3, 1, 'Helmet with Open Turban'),
  (587, 3, 1, 'Helmet with Turban and Coif'),
  (588, 3, 9, 'Hide Cap'),
  (589, 3, 2, 'Highland Ceremonial Crown'),
  (590, 3, 2, 'Highland Crowned Helmet'),
  (591, 3, 1, 'Hijab'),
  (592, 3, 8, 'Imperial Jeweled Band'),
  (593, 3, 8, 'Imperial Jeweled Band'),
  (594, 3, 8, 'Imperial Jeweled Helmet'),
  (595, 3, 8, 'Imperial Plumed Helmet'),
  (596, 3, 4, 'Infantry Steel Helmet'),
  (597, 3, 8, 'Iron Legionary Helm over Cloth'),
  (598, 3, 8, 'Iron Nasalhelm over Coif'),
  (599, 3, 8, 'Iron Nasalhelm over Leather'),
  (600, 3, 8, 'Iron Nasalhelm over Mail'),
  (601, 3, 8, 'Iron Nasalhelm over Padding'),
  (602, 3, 8, 'Iron Roundkettle over Leather'),
  (603, 3, 8, 'Iron Roundkettle over Mail'),
  (604, 3, 8, 'Iron Spiked Kettle over Mail'),
  (605, 3, 8, 'Jeweled Crown'),
  (606, 3, 6, 'Jeweled Fur Rimmed Helmet'),
  (607, 3, 8, 'Jeweled Plumed Battle Crown'),
  (608, 3, 1, 'Keffiyeh with Brown Band'),
  (609, 3, 1, 'Keffiyeh with Silken Band'),
  (610, 3, 7, 'Kettle Hat over Mail Coif'),
  (611, 3, 7, 'Kettle Hat over Padded Cloth'),
  (612, 3, 7, 'Kettle Hat over Padded Coif'),
  (613, 3, 7, 'Kettle Helmet over Arming Coif'),
  (614, 3, 7, 'Kettle Helmet over Laced Coif'),
  (615, 3, 7, 'Kettle Helmet over Mail'),
  (616, 3, 7, 'Kettle Helmet over Padded Cap'),
  (617, 3, 7, 'Kettle Helmet over Padded Cloth'),
  (618, 3, 7, 'Kettle Helmet over Padded Coif'),
  (619, 3, 7, 'Kettle Helmet with Leather'),
  (620, 3, 7, 'Kettle Helmet with Mail'),
  (621, 3, 7, 'Kettle over Laced Coif'),
  (622, 3, 7, 'Kettle over Mail Coif'),
  (623, 3, 7, 'Kettle over Padded Coif'),
  (624, 3, 4, 'Khuzait Battle Crown'),
  (625, 3, 7, 'Knight Helmet with Bronze Faceguard'),
  (626, 3, 8, 'Laced Cloth Coif'),
  (627, 3, 7, 'Laced Coif'),
  (628, 3, 8, 'Leather Cap'),
  (629, 3, 7, 'Leather Coif'),
  (630, 3, 8, 'Leather Coif'),
  (631, 3, 2, 'Leather Studded Helm'),
  (632, 3, 2, 'Leather Studded Helm over Headcloth'),
  (633, 3, 2, 'Leather Studded Helm over Roughscale'),
  (634, 3, 2, 'Leather Studded Helm over Thinhide'),
  (635, 3, 8, 'Legionary Helm'),
  (636, 3, 8, 'Light Roundkettle over Leather'),
  (637, 3, 8, 'Lightweight Padded Coif'),
  (638, 3, 7, 'Loose Head Scarf'),
  (639, 3, 8, 'Lord Helmet with Metal Strips'),
  (640, 3, 1, 'Lordly Steel Cap'),
  (641, 3, 7, 'Luxurious Head Scarf'),
  (642, 3, 1, 'Luxury Turban Over Helmet'),
  (643, 3, 8, 'Mail Coif'),
  (644, 3, 8, 'Mail Coif with Helmet Padding'),
  (645, 3, 6, 'Mailed Nasal Helmet'),
  (646, 3, 1, 'Mamluke Helmet with Mail'),
  (647, 3, 5, 'Merchant Hat'),
  (648, 3, 7, 'Nasal Cervelliere over Laced Coif'),
  (649, 3, 7, 'Nasal Cervelliere over Mail Coif'),
  (650, 3, 7, 'Nasal Cervelliere over Padded Cap'),
  (651, 3, 7, 'Nasal Cervelliere over Padded Coif'),
  (652, 3, 7, 'Nasal Helmet over Cloth Headwrap'),
  (653, 3, 7, 'Nasal Helmet over Laced Coif'),
  (654, 3, 7, 'Nasal Helmet over Mail'),
  (655, 3, 7, 'Nasal Helmet over Mail Coif'),
  (656, 3, 7, 'Nasal Helmet over Padded Cloth'),
  (657, 3, 7, 'Nasal Helmet over Padded Coif'),
  (658, 3, 6, 'Nasal Helmet with Leather'),
  (659, 3, 6, 'Nasal Helmet with Mail'),
  (660, 3, 6, 'Nasalhelm over Leather'),
  (661, 3, 6, 'Nasalhelm over Mail'),
  (662, 3, 1, 'Noble Crowned Lord Helmet'),
  (663, 3, 4, 'Noble Lancer Helmet'),
  (664, 3, 1, 'Noble Steel Cap'),
  (665, 3, 4, 'Nomad Cap'),
  (666, 3, 4, 'Nomad Fur Cap'),
  (667, 3, 4, 'Nomad Helmet'),
  (668, 3, 4, 'Nomad Padded Hood'),
  (669, 3, 6, 'Northern Closed Warlord Helmet'),
  (670, 3, 1, 'Open Head Scarf'),
  (671, 3, 8, 'Open Mail Coif'),
  (672, 3, 8, 'Open Mail Coif'),
  (673, 3, 7, 'Open Padded Coif'),
  (674, 3, 1, 'Ornate Desert Battle Crown'),
  (675, 3, 4, 'Ornate Steel Cap'),
  (676, 3, 7, 'Padded Cap'),
  (677, 3, 7, 'Padded Coif'),
  (678, 3, 7, 'Padded Half Coif'),
  (679, 3, 7, 'Padded Leather Cape'),
  (680, 3, 8, 'Palatine Guard Helmet'),
  (681, 3, 4, 'Peaked Fur Hood'),
  (682, 3, 7, 'Peaked Helmet over Laced Coif'),
  (683, 3, 7, 'Peaked Helmet over Mail'),
  (684, 3, 7, 'Peaked Helmet over Mail Coif'),
  (685, 3, 7, 'Peaked Helmet over Padded Cloth'),
  (686, 3, 7, 'Peasant Head Wrapping'),
  (687, 3, 8, 'Pilgrim Hood'),
  (688, 3, 7, 'Plated Helmet'),
  (689, 3, 7, 'Plated Helmet with Sideguards'),
  (690, 3, 6, 'Plated Warlord Helmet'),
  (691, 3, 6, 'Plumed Decorated Mailed Nasal Helmet'),
  (692, 3, 4, 'Plumed Fur Lined Helmet'),
  (693, 3, 8, 'Plumed Helmet'),
  (694, 3, 4, 'Plumed Lamellar Helmet'),
  (695, 3, 4, 'Plumed Noble Lancer Helmet with Neckguard'),
  (696, 3, 4, 'Plumed Nomad Helmet'),
  (697, 3, 1, 'Pointed Skullcap over Cloth Headwrap'),
  (698, 3, 1, 'Pointed Skullcap over Gambeson'),
  (699, 3, 1, 'Pointed Skullcap over Laced Coif'),
  (700, 3, 1, 'Pointed Skullcap over Mail Coif'),
  (701, 3, 1, 'Pointed Skullcap with Mail'),
  (702, 3, 6, 'Reinforced Closed Goggled Helmet'),
  (703, 3, 2, 'Ridged Decorated Bronze Cap with Cheek Guards'),
  (704, 3, 2, 'Ridged Decorated Steel Cap with Cheek Guards'),
  (705, 3, 2, 'Ridged Helm'),
  (706, 3, 6, 'Ridged Warlord Helmet'),
  (707, 3, 9, 'Rough Padded Cap'),
  (708, 3, 6, 'Roughhide Cap'),
  (709, 3, 2, 'Roughscale Helmet'),
  (710, 3, 1, 'Roughspun Keffiyeh'),
  (711, 3, 8, 'Roundkettle Helmet'),
  (712, 3, 8, 'Roundkettle over Cloth'),
  (713, 3, 8, 'Roundkettle over Laced Cloth'),
  (714, 3, 8, 'Roundkettle over Leather'),
  (715, 3, 8, 'Roundkettle over Mail'),
  (716, 3, 8, 'Roundkettle over Mail'),
  (717, 3, 8, 'Roundkettle over Padding'),
  (718, 3, 8, 'Royal Cataphract Helmet'),
  (719, 3, 7, 'Rural Head Wrap'),
  (720, 3, 1, 'Rural Headdress'),
  (721, 3, 6, 'Sea Raider Goggled Helmet'),
  (722, 3, 7, 'Segmented Cervelliere over Laced Coif'),
  (723, 3, 7, 'Segmented Cervelliere over Mail'),
  (724, 3, 7, 'Segmented Cervelliere over Mail Coif'),
  (725, 3, 7, 'Segmented Cervelliere over Padded Cloth'),
  (726, 3, 7, 'Segmented Skullcap over Laced Coif'),
  (727, 3, 7, 'Segmented Skullcap over Mail Coif'),
  (728, 3, 7, 'Segmented Skullcap over Padded Cloth'),
  (729, 3, 7, 'Segmented Skullcap over Padded Coif'),
  (730, 3, 8, 'Spangenhelm over Leather'),
  (731, 3, 8, 'Spangenhelm over Mail'),
  (732, 3, 6, 'Spangenhelm with Leather'),
  (733, 3, 6, 'Spangenhelm with Padded Cloth'),
  (734, 3, 4, 'Spiked Helmet'),
  (735, 3, 1, 'Spiked Helmet with Closed Turban'),
  (736, 3, 4, 'Spiked Helmet with Facemask'),
  (737, 3, 1, 'Spiked Helmet with Open Turban'),
  (738, 3, 8, 'Spiked Kettle over Mail'),
  (739, 3, 8, 'Spiked Kettle over Padding'),
  (740, 3, 1, 'Steel Cap'),
  (741, 3, 2, 'Steel Cap with Cheek Guards'),
  (742, 3, 6, 'Steel Cap with Nose Guard'),
  (743, 3, 6, 'Steel Nasal Cap'),
  (744, 3, 8, 'Tall Helmet'),
  (745, 3, 4, 'Thick Fur Hood'),
  (746, 3, 2, 'Thinhide Coif'),
  (747, 3, 1, 'Tied Head Wrapping'),
  (748, 3, 1, 'Tight Head Scarf'),
  (749, 3, 1, 'Tribal Turban'),
  (750, 3, 1, 'Turban'),
  (751, 3, 2, 'Two Pronged Bronze Crown'),
  (752, 3, 4, 'Upturned Fur Cap'),
  (753, 3, 7, 'Visored Helmet over Laced Coif'),
  (754, 3, 7, 'Visored Helmet over Mail Coif'),
  (755, 3, 7, 'Visored Helmet over Padded Cloth'),
  (756, 3, 7, 'Visored Helmet over Padded Coif'),
  (757, 3, 2, 'Warlord Helmet'),
  (758, 3, 6, 'Warlord Helmet over Full Mail'),
  (759, 3, 6, 'Warlord Helmet over Mail'),
  (760, 3, 6, 'Warlord Helmet with Cheek Guards'),
  (761, 3, 2, 'Warlord Helmet with Feathers'),
  (762, 3, 6, 'Warlord Helmet with Nose Guard'),
  (763, 3, 2, 'Wolf Head'),
  (764, 3, 1, 'Woven Turban'),
  (765, 3, 1, 'Wrapped Cap'),
  (766, 3, 2, 'Wrapped Headcloth'),
  (767, 3, 1, 'Wrapped Helmet with Mail Coif'),
  (768, 3, 1, 'Wrapped Leather Cap'),
  (769, 3, 2, 'Armored Bearskin'),
  (770, 3, 2, 'Bear Pelt'),
  (771, 3, 4, 'Bolted Leather Strips'),
  (772, 3, 4, 'Bronze Lamellar Shoulder Guards'),
  (773, 3, 4, 'Bronze Lamellar Shoulder Pieces'),
  (774, 3, 8, 'Bronze Pauldrons'),
  (775, 3, 8, 'Bronze Pauldrons with Neck Guard'),
  (776, 3, 8, 'Bronze Plate Pauldrons'),
  (777, 3, 1, 'Bronze Scale Pauldrons'),
  (778, 3, 1, 'Bronze Scale Pauldrons'),
  (779, 3, 1, 'Bronze Scale Shoulder Guards'),
  (780, 3, 1, 'Bronze Scale Shoulder Guards'),
  (781, 3, 8, 'Caped Leather Harness'),
  (782, 3, 2, 'Chained Fur Cloak'),
  (783, 3, 5, 'Cotton Hood'),
  (784, 3, 4, 'Cured Leather Pauldrons'),
  (785, 3, 2, 'Cured Leather Shoulder Pieces'),
  (786, 3, 4, 'Cured Studded Leather Shoulders'),
  (787, 3, 1, 'Decorated Bronze Scale Pauldrons'),
  (788, 3, 4, 'Decorated Lamellar Leather Shoulder Guards'),
  (789, 3, 8, 'Decorated Leather Harness'),
  (790, 3, 8, 'Decorated Leather Harness over Mail'),
  (791, 3, 8, 'Decorated Leather Harness over Scale'),
  (792, 3, 8, 'Decorated Leather Harness with Padding'),
  (793, 3, 1, 'Decorated Long Sleeve Bronze Scale Pauldrons'),
  (794, 3, 6, 'Decorated Scale Shoulder Guards'),
  (795, 3, 4, 'Decorated Steel Lamellar Shoulder Pieces'),
  (796, 3, 2, 'Fringed Cape'),
  (797, 3, 2, 'Fur Cloak'),
  (798, 3, 2, 'Fur Cloak With Round Plate'),
  (799, 3, 7, 'Green Hood'),
  (800, 3, 5, 'Heavy Cloak'),
  (801, 3, 8, 'Heavy Lamellar Pauldrons'),
  (802, 3, 2, 'Heavy Tartan Scarf'),
  (803, 3, 2, 'Heavy Warlord Pauldrons'),
  (804, 3, 7, 'Hood'),
  (805, 3, 8, 'Iron Plate Pauldrons'),
  (806, 3, 6, 'Lamellar Pauldrons'),
  (807, 3, 8, 'Lamellar Pauldrons'),
  (808, 3, 6, 'Lamellar Shoulder Guards'),
  (809, 3, 4, 'Lamellar Shoulder Pieces'),
  (810, 3, 2, 'Large Fur Cloak With Round Plate'),
  (811, 3, 4, 'Leather Lamellar Shoulder Guards'),
  (812, 3, 5, 'Leather Shoulder Guard'),
  (813, 3, 8, 'Legionary Cape'),
  (814, 3, 8, 'Legionary Padded Straps'),
  (815, 3, 8, 'Legionary Reinforced Studded Harness'),
  (816, 3, 8, 'Legionary Studded Harness'),
  (817, 3, 1, 'Leopard Pelt'),
  (818, 3, 1, 'Long Sleeved Bronze Scale Shoulder Guards'),
  (819, 3, 6, 'Mail Shoulder Guards'),
  (820, 3, 2, 'Mail Shoulder Pieces'),
  (821, 3, 2, 'Mail Shoulder Reinforcements'),
  (822, 3, 8, 'Neckguard with Bronze Plate Pauldrons'),
  (823, 3, 7, 'Ornate Pauldrons'),
  (824, 3, 7, 'Ornate Pauldrons with Cape'),
  (825, 3, 7, 'Padded Leather Shoulders'),
  (826, 3, 7, 'Pauldrons with Cape'),
  (827, 3, 4, 'Reinforced Bronze Lamellar Shoulder Guards'),
  (828, 3, 1, 'Reinforced Bronze Scale Shoulder Guards'),
  (829, 3, 2, 'Reinforced Harness with Cape'),
  (830, 3, 6, 'Reinforced Lamellar Shoulder Guards'),
  (831, 3, 4, 'Reinforced Leather Pauldrons'),
  (832, 3, 7, 'Reinforced Mail Shoulders'),
  (833, 3, 7, 'Reinforced Ornate Pauldrons'),
  (834, 3, 7, 'Reinforced Ornate Pauldrons over Scale'),
  (835, 3, 1, 'Reinforced Scale Pauldrons'),
  (836, 3, 4, 'Reinforced Studded Neckguard'),
  (837, 3, 4, 'Reinforced Studded Shoulder Guards'),
  (838, 3, 4, 'Reinforced Suede Shoulder Guards'),
  (839, 3, 1, 'Ringmail Shoulder Guard'),
  (840, 3, 2, 'Rough Bearskin'),
  (841, 3, 1, 'Scale Pauldrons'),
  (842, 3, 1, 'Scale Shoulder Guards'),
  (843, 3, 7, 'Scale Shoulderguards'),
  (844, 3, 5, 'Scarf'),
  (845, 3, 5, 'Shawl'),
  (846, 3, 5, 'Short Cloak'),
  (847, 3, 2, 'Shoulder Harness'),
  (848, 3, 2, 'Simple Cape'),
  (849, 3, 6, 'Stitched Leather Shoulders'),
  (850, 3, 2, 'Tartan Cape'),
  (851, 3, 2, 'Tartan Cloak'),
  (852, 3, 2, 'Tartan Shoulder Harness'),
  (853, 3, 5, 'Thick Scarf'),
  (854, 3, 2, 'Wolf Pelt Cape'),
  (855, 3, 2, 'Woodland Cape'),
  (856, 3, 2, 'Woodland Fur Cloak'),
  (857, 3, 8, 'Woven Leather Shoulders'),
  (858, 3, 5, 'Woven Shoulder Pad'),
  (859, 3, 2, 'Armwraps'),
  (860, 3, 6, 'Bronze Bracers'),
  (861, 3, 2, 'Buttoned Leather Bracers'),
  (862, 3, 8, 'Decorated Imperial Gauntlets'),
  (863, 3, 2, 'Fian Bracers'),
  (864, 3, 2, 'Fur Rimmed Leather Gloves'),
  (865, 3, 2, 'Guarded Armwraps'),
  (866, 3, 1, 'Guarded Padded Vambraces'),
  (867, 3, 7, 'Heavy Mail Mittens'),
  (868, 3, 7, 'Khan''s Plated Bracers'),
  (869, 3, 8, 'Lamellar Plate Gauntlets'),
  (870, 3, 5, 'Leather Gloves'),
  (871, 3, 4, 'Leather Vambraces'),
  (872, 3, 8, 'Lordly Padded Mittens'),
  (873, 3, 7, 'Mail Mittens'),
  (874, 3, 8, 'Padded Mittens'),
  (875, 3, 5, 'Padded Vambraces'),
  (876, 3, 6, 'Plate Reinforced Gloves'),
  (877, 3, 4, 'Plated Leather Vambraces'),
  (878, 3, 8, 'Plated Striped Vambraces'),
  (879, 3, 2, 'Ragged Armwraps'),
  (880, 3, 7, 'Reinforced Mail Mittens'),
  (881, 3, 8, 'Reinforced Padded Mittens'),
  (882, 3, 2, 'Rough Tied Bracers'),
  (883, 3, 2, 'Roughtied Leather Bracers'),
  (884, 3, 2, 'Scale Warlord Bracers'),
  (885, 3, 7, 'Splint Vambraces'),
  (886, 3, 2, 'Strapped Leather Bracers'),
  (887, 3, 4, 'Studded Leather Vambraces'),
  (888, 3, 4, 'Studded Vambraces'),
  (889, 3, 8, 'Woven Leather Bracers'),
  (890, 3, 4, 'Wrapped Armguards'),
  (891, 3, 2, 'Belted Leather Boots'),
  (892, 3, 4, 'Curved Boots'),
  (893, 3, 8, 'Decorated Plate Boots'),
  (894, 3, 8, 'Fine Town Boots'),
  (895, 3, 2, 'Folded Leather Boots'),
  (896, 3, 8, 'Folded Town Boots'),
  (897, 3, 2, 'Forester Boots'),
  (898, 3, 2, 'Fur Boots'),
  (899, 3, 4, 'Fur Rimmed Curved Boots'),
  (900, 3, 2, 'Highborn Leather Boots'),
  (901, 3, 8, 'Horseman Boots'),
  (902, 3, 6, 'Huscarl Plated Boots'),
  (903, 3, 5, 'Ladies Shoes'),
  (904, 3, 8, 'Lamellar Plate Boots'),
  (905, 3, 7, 'Leather Cavalier Boots'),
  (906, 3, 4, 'Leather Riding Boots'),
  (907, 3, 5, 'Leather Shoes'),
  (908, 3, 7, 'Mail Cavalier Boots'),
  (909, 3, 7, 'Mail Chausses'),
  (910, 3, 1, 'Moccasins'),
  (911, 3, 5, 'Ragged Boots'),
  (912, 3, 4, 'Reinforced Suede Boots'),
  (913, 3, 2, 'Rough Tied Boots'),
  (914, 3, 2, 'Scaled Boots'),
  (915, 3, 6, 'Simple Leather Boots'),
  (916, 3, 8, 'Splint Boots'),
  (917, 3, 8, 'Strapped Leather Boots'),
  (918, 3, 7, 'Strapped Mail Chausses'),
  (919, 3, 5, 'Strapped Shoes'),
  (920, 3, 4, 'Sturdy Leather Boots'),
  (921, 3, 6, 'Tied Boots'),
  (922, 3, 6, 'Tied Leather Boots'),
  (923, 3, 2, 'Woodland Boots'),
  (924, 3, 2, 'Woodland Leg Wrappings'),
  (925, 3, 4, 'Woven Leather Boots'),
  (926, 3, 6, 'Wrapped Boots'),
  (927, 3, 2, 'Wrapped Leather Boots'),
  (928, 3, 1, 'Wrapped Shoes'),
  (929, 3, 2, 'Battania Horse Harness'),
  (930, 3, 1, 'Bedouin Cloth Saddle'),
  (931, 3, 1, 'Bedouin Common Saddle'),
  (932, 3, 1, 'Camel Saddle'),
  (933, 3, 1, 'Camel Saddle with Heavy Load'),
  (934, 3, 1, 'Camel Saddle with Light Load'),
  (935, 3, 8, 'Cataphract Half Scale Barding'),
  (936, 3, 8, 'Cataphract Scale Barding'),
  (937, 3, 5, 'Celtic Frost'),
  (938, 3, 5, 'Chain Mail Horse Armor'),
  (939, 3, 5, 'Fortunas Choice'),
  (940, 3, 5, 'Fur Saddle'),
  (941, 3, 7, 'Half Mail Barding'),
  (942, 3, 2, 'Half Scaled Barding'),
  (943, 3, 8, 'Imperial Riding Harness'),
  (944, 3, 4, 'Lamellar Half Barding'),
  (945, 3, 5, 'Light Harness'),
  (946, 3, 6, 'Light Saddle'),
  (947, 3, 5, 'Mule Harness with Bags'),
  (948, 3, 5, 'Mule Harness with Baskets'),
  (949, 3, 5, 'Mule Harness with Pack'),
  (950, 3, 7, 'Reinforced Chainmail Barding'),
  (951, 3, 1, 'Reinforced Half Plate Barding'),
  (952, 3, 4, 'Reinforced Mail Barding'),
  (953, 3, 1, 'Reinforced Plate Barding'),
  (954, 3, 6, 'Ring Mail Barding'),
  (955, 3, 6, 'Rough Cavalry Saddle'),
  (956, 3, 1, 'Rugged Bedouin Saddle'),
  (957, 3, 2, 'Rugged Fur Saddle'),
  (958, 3, 5, 'Rugged Saddle'),
  (959, 3, 5, 'Saddle of Aeneas'),
  (960, 3, 2, 'Scale Barding'),
  (961, 3, 4, 'Steppe Fur Harness'),
  (962, 3, 4, 'Steppe Saddle'),
  (963, 3, 8, 'Striped Leather Harness'),
  (964, 4, 5, 'Wooden Shield'),
  (965, 4, 2, 'Hide Covered Round Shield'),
  (966, 4, 2, 'Leather Covered Round Shield'),
  (967, 4, 6, 'Nordic Shield'),
  (968, 4, 5, 'Old Round Shield'),
  (969, 4, 5, 'Plain Round Shield'),
  (970, 4, 5, 'Round Shield'),
  (971, 4, 7, 'Heavy Round Shield'),
  (972, 4, 7, 'Huscarl''s Round Shield'),
  (973, 4, 7, 'Plain Cavalry Shield'),
  (974, 4, 7, 'Round Cavalry Shield'),
  (975, 4, 7, 'Elite Cavalry Shield'),
  (976, 4, 8, 'Old Heater Shield'),
  (977, 4, 8, 'Plain Heater Shield'),
  (978, 4, 8, 'Heater Shield'),
  (979, 4, 8, 'Heavy Heater Shield'),
  (980, 4, 8, 'Horseman''s Heater Shield'),
  (981, 4, 8, 'Knightly Heater Shield'),
  (982, 4, 5, 'Heater Shield'),
  (983, 4, 5, 'Fur Covered Shield'),
  (984, 4, 2, 'Old Kite Shield'),
  (985, 4, 2, 'Plain Kite Shield'),
  (986, 4, 2, 'Kite Shield'),
  (987, 4, 2, 'Heavy Kite Shield'),
  (988, 4, 7, 'Horseman''s Kite Shield'),
  (989, 4, 7, 'Knightly Kite Shield'),
  (990, 4, 5, 'Old Board Shield'),
  (991, 4, 5, 'Plain Board Shield'),
  (992, 4, 5, 'Board Shield'),
  (993, 4, 5, 'Heavy Board Shield'),
  (994, 4, 7, 'Plate Covered Round Shield'),
  (995, 4, 5, 'Steel Shield'),
  (996, 5, 1, 'Asaligat'),
  (997, 5, 1, 'Askarat'),
  (998, 5, 2, 'Battanion Hobby'),
  (999, 5, 2, 'Battanian Thoroughbred'),
  (1000, 5, 1, 'Camel'),
  (1001, 5, 8, 'Canterion Charger'),
  (1002, 5, 7, 'Charger'),
  (1003, 5, 7, 'Cossian'),
  (1004, 5, 4, 'Darshi Horse'),
  (1005, 5, 8, 'Hunter'),
  (1006, 5, 8, 'Husnphree'),
  (1007, 5, 8, 'Midlands Palfrey'),
  (1008, 5, 5, 'Mule'),
  (1009, 5, 1, 'Nahasawi'),
  (1010, 5, 1, 'Omor Trotter'),
  (1011, 5, 1, 'Pack Camel'),
  (1012, 5, 1, 'Palmatian'),
  (1013, 5, 1, 'Revyl Chaser'),
  (1014, 5, 8, 'Rouncey'),
  (1015, 5, 7, 'Royal Destrier'),
  (1016, 5, 8, 'Saddle Horse'),
  (1017, 5, 6, 'Sturgian Native'),
  (1018, 5, 4, 'Sumpter Horse'),
  (1019, 5, 6, 'Tyal Horse'),
  (1020, 5, 7, 'Valanby Courser'),
  (1021, 5, 7, 'Wadar Hotblood'),
  (1022, 5, 1, 'War Camel'),
  (1023, 5, 5, 'Work Horse'),
  (1024, 5, 2, 'Glintor Pony');
